2023-07-30-SVRO-0002|2023-07-30|2023-08-05|KH-0003|SVRO-0002
2023-07-07-SVRO-0001|2023-07-07|2023-07-10|KH-0003|SVRO-0001
2023-06-05-SVRO-0001|2023-06-05|2023-06-09|KH-0001|SVRO-0001
2023-09-19-SVRO-0002|2023-09-19|2023-09-25|KH-0003|SVRO-0002
2023-07-07-SVRO-0002|2023-07-07|2023-07-20|KH-0002|SVRO-0002
2022-07-30-SVHO-0001|2022-07-30|2022-08-30|KH-0001|SVHO-0001
2022-07-30-SVHO-0002|2022-07-30|2022-08-30|KH-0001|SVHO-0002
2022-07-30-SVHO-0003|2022-07-30|2022-08-08|KH-0003|SVHO-0003
2023-08-08-SVVL-0001|2023-08-08|2023-09-09|KH-0001|SVVL-0001
2021-09-09-SVVL-0001|2021-09-09|2021-09-10|KH-0002|SVVL-0001
2024-07-30-SVVL-0001|2024-07-30|2024-08-08|KH-0001|SVVL-0001
2024-07-30-SVVL-0002|2024-07-30|2024-08-09|KH-0002|SVVL-0002
2030-08-08-SVVL-0003|2030-08-08|2030-08-09|KH-0001|SVVL-0003
2030-08-07-SVVL-0002|2030-08-07|2030-08-10|KH-0001|SVVL-0002
2025-07-30-SVVL-0001|2025-07-30|2025-08-08|KH-0001|SVVL-0001
